,sno,sna,tot,sbi,sarea,mday,ar,bemp,act
0,500101001,YouBike2.0_捷運科技大樓站,28,0,大安區,2023-05-27 13:46:15,復興南路二段235號前,25,1
1,500101002,YouBike2.0_復興南路二段273號前,21,0,大安區,2023-05-27 13:45:15,復興南路二段273號西側,21,1
2,500101003,YouBike2.0_國北教大實小東側門,16,0,大安區,2023-05-27 13:46:04,和平東路二段96巷7號,15,1
3,500101004,YouBike2.0_和平公園東側,11,3,大安區,2023-05-27 13:43:14,和平東路二段118巷33號,8,1
4,500101005,YouBike2.0_辛亥復興路口西北側,16,1,大安區,2023-05-27 13:40:21,復興南路二段368號,15,1
5,500101006,YouBike2.0_復興南路二段280號前,11,2,大安區,2023-05-27 13:26:19,復興南路二段280號,9,1
6,500101007,YouBike2.0_復興南路二段340巷口,11,0,大安區,2023-05-27 13:30:28,復興南路二段342號,10,1
8,500101009,YouBike2.0_新生南路三段66號前,16,2,大安區,2023-05-27 13:46:15,新生南路三段66號東側,14,1
10,500101012,YouBike2.0_辛亥路一段30號前,8,3,大安區,2023-05-27 13:46:15,辛亥路一段30號,5,1
13,500101015,YouBike2.0_大安運動中心停車場,14,3,大安區,2023-05-27 13:23:15,敦南街76巷28號,11,1
15,500101018,YouBike2.0_溫州公園,5,0,大安區,2023-05-27 13:42:04,羅斯福路三段283巷11號,5,1
17,500101020,YouBike2.0_溫州停車場,5,3,大安區,2023-05-27 13:41:15,新生南路三段54巷/溫州街口,2,1
18,500101021,YouBike2.0_銘傳國小側門,7,0,大安區,2023-05-27 13:46:15,羅斯福路四段21號旁天橋下,6,1
19,500101022,YouBike2.0_捷運公館站(2號出口),99,2,大安區,2023-05-27 13:46:15,捷運公館站(2號出口)外側,92,1
23,500101026,YouBike2.0_公館公園,15,2,大安區,2023-05-27 13:40:21,羅斯福路四段113巷基隆路四段41巷口,13,1
25,500101028,YouBike2.0_臺大醫學院附設癌醫中心,20,3,大安區,2023-05-27 13:44:17,基隆路三段155巷57號西側,17,1
26,500101029,YouBike2.0_臺大環研大樓,15,2,大安區,2023-05-27 13:40:21,芳蘭路/基隆路三段155巷口,13,1
28,500101031,YouBike2.0_臺大男七舍前,20,3,大安區,2023-05-27 13:40:21,長興街/長興街80巷口西側,17,1
32,500101035,YouBike2.0_臺大土木研究大樓前,24,3,大安區,2023-05-27 13:36:15,辛亥路三段188號,20,1
34,500101037,YouBike2.0_臺大國青大樓宿舍前,20,2,大安區,2023-05-27 13:45:15,辛亥路三段30號西北側,18,1
38,500101041,YouBike2.0_辛亥新生路口東南側,41,1,大安區,2023-05-27 13:44:06,辛亥新生路口東南側,39,1
42,500101093,YouBike2.0_大安區健康服務中心,15,0,大安區,2023-05-27 13:07:04,辛亥路三段15號,15,1
43,500101094,YouBike2.0_辛亥泰順街口,20,2,大安區,2023-05-27 13:46:15,辛亥泰順街口東南側,16,1
46,500101098,YouBike2.0_臥龍公園,14,1,大安區,2023-05-27 13:39:13,辛亥路三段223號西側,13,1
50,500101102,YouBike2.0_喬治工商,26,0,大安區,2023-05-27 13:35:04,基隆路二段166號,23,1
51,500101103,YouBike2.0_法治公園,15,0,大安區,2023-05-27 12:57:04,通化街189號西側,14,1
52,500101104,YouBike2.0_捷運臺電大樓站(2號出口),15,2,大安區,2023-05-27 13:44:17,辛亥路一段/羅斯福路三段口北側(辛亥路側),13,1
54,500101107,YouBike2.0_和平龍泉街口,34,0,大安區,2023-05-27 13:42:04,和平東路一段/龍泉街口西南側,33,1
58,500101111,YouBike2.0_捷運古亭站(5號出口),14,2,大安區,2023-05-27 13:46:15,和平東路一段19號前,12,1
60,500101114,YouBike2.0_新生和平路口東北側,38,2,大安區,2023-05-27 13:44:06,新生南路二段與和平東路二段口東北側,35,1
63,500101117,YouBike2.0_捷運東門站(3號出口),15,3,大安區,2023-05-27 13:42:14,信義路二段128號前,12,1
68,500101123,YouBike2.0_敦化基隆路口,29,2,大安區,2023-05-27 13:37:14,敦化南路二段218號,25,1
69,500101124,YouBike2.0_安和路二段181巷口,17,1,大安區,2023-05-27 13:25:15,安和路二段185號,16,1
70,500101125,YouBike2.0_臨江街夜市(通化街101巷口),30,1,大安區,2023-05-27 13:44:17,通化街111號,27,1
71,500101126,YouBike2.0_臨江街夜市(基隆路),17,3,大安區,2023-05-27 13:43:14,基隆路二段108號,11,1
72,500101127,YouBike2.0_台北科技大學億光大樓,46,1,大安區,2023-05-27 13:46:15,忠孝東路三段81號,44,1
75,500101130,YouBike2.0_民榮公園,15,0,大安區,2023-04-20 07:22:04,建國南路一段304巷45號南側,15,0
79,500101134,YouBike2.0_捷運大安站(4號出口),13,0,大安區,2023-05-27 13:46:15,信義路4段6號(前),11,1
80,500101135,YouBike2.0_捷運大安站(2號出口),22,3,大安區,2023-05-27 13:44:17,信義路3段143號(前),19,1
81,500101136,YouBike2.0_信義大安路口(信維大樓),12,0,大安區,2023-05-27 13:46:15,信義路四段74號(前),11,1
84,500101139,YouBike2.0_信義敦化路口,46,2,大安區,2023-05-27 13:44:17,信義路四段155號前,44,1
85,500101140,YouBike2.0_仁愛國中,25,1,大安區,2023-05-27 13:32:04,安和路一段75號(對面),22,1
86,500101141,YouBike2.0_捷運信義安和站(2號出口),26,1,大安區,2023-05-27 13:42:14,信義路四段188號前,24,1
87,500101142,YouBike2.0_八德市場,30,1,大安區,2023-05-27 13:28:04,市民大道三段170號,28,1
88,500101143,YouBike2.0_昌隆公園,16,1,大安區,2023-05-27 13:46:15,市民大道三段206號西側,14,1
89,500101144,YouBike2.0_捷運大安森林公園站(2號出口),62,3,大安區,2023-05-27 13:43:14,捷運大安森林公園站(2號出口)西側,59,1
90,500101145,YouBike2.0_信義延吉街口,15,1,大安區,2023-05-27 13:43:14,信義路四段353號,14,1
91,500101146,YouBike2.0_光信公園(光復南路456巷),15,1,大安區,2023-05-27 13:46:15,延吉街249號,13,1
94,500101149,YouBike2.0_捷運忠孝新生站(6號出口),15,0,大安區,2023-05-27 13:23:04,新生南路一段101號,15,1
95,500101150,YouBike2.0_捷運忠孝新生站(4號出口),34,0,大安區,2023-05-27 13:46:15,忠孝新生路口北側,33,1
96,500101151,YouBike2.0_大安高工,23,1,大安區,2023-05-27 13:46:15,復興南路二段52號(前),20,1
97,500101152,YouBike2.0_捷運忠孝新生站(3號出口),23,0,大安區,2023-05-27 13:45:15,忠孝東路三段與10巷口,23,1
99,500101154,YouBike2.0_敦化市民路口,23,0,大安區,2023-05-27 13:42:04,敦化南路1段158號(前),20,1
100,500101155,YouBike2.0_捷運大安森林公園站(5號出口),15,3,大安區,2023-05-27 13:42:14,捷運大安森林公園站(5號出口)東側,12,1
102,500101157,YouBike2.0_東豐公園,19,1,大安區,2023-05-27 13:26:04,東豐街24號(旁公園路側),17,1
103,500101158,YouBike2.0_德安公園(四維路66巷),14,3,大安區,2023-05-27 13:43:14,四維路66巷6號北側,11,1
108,500101165,YouBike2.0_樂利路21巷口,17,3,大安區,2023-05-27 13:41:15,樂利路25號,14,1
112,500101169,YouBike2.0_捷運信義安和站(4號出口),30,3,大安區,2023-05-27 13:46:15,信義路四段252號前,26,1
115,500101172,YouBike2.0_捷運信義安和站(1號出口),33,1,大安區,2023-05-27 13:46:15,信義路四段225號前,31,1
116,500101173,YouBike2.0_敦化南路二段103巷口,24,1,大安區,2023-05-27 13:33:15,敦化南路二段99號前,23,1
119,500101176,YouBike2.0_芳蘭山莊,16,2,大安區,2023-05-27 13:42:14,基隆路三段155巷148號,14,1
121,500101179,YouBike2.0_捷運東門站(5號出口),28,3,大安區,2023-05-27 13:46:15,信義路二段178號前,24,1
123,500101181,YouBike2.0_捷運公館站(3號出口),90,3,大安區,2023-05-27 13:45:15,捷運公館站(3號出口)西側,86,1
124,500101182,YouBike2.0_臺北科技大學(電機工程系),16,1,大安區,2023-05-27 13:34:04,忠孝東路三段100號對側,15,1
125,500101183,YouBike2.0_忠孝東路三段217巷口,34,3,大安區,2023-05-27 13:41:15,忠孝東路三段229-1號前,31,1
126,500101184,YouBike2.0_新生南路三段94巷口,15,1,大安區,2023-05-27 13:46:15,新生南路三段94號前,13,1
127,500101185,YouBike2.0_辛亥新生路口西北側,12,0,大安區,2023-05-27 13:39:04,辛亥路一段/新生南路三段(西北側),11,1
128,500101186,YouBike2.0_捷運大安站(6號出口),19,0,大安區,2023-05-27 13:14:04,復興南路一段303號前,19,1
129,500101187,YouBike2.0_臥龍街195巷口,14,1,大安區,2023-05-27 13:21:04,臥龍街/臥龍街195巷(南側),12,1
130,500101188,YouBike2.0_辛亥路三段157巷口,19,0,大安區,2023-05-27 13:46:04,辛亥路三段與辛亥路三段157巷口西北側,19,1
131,500101189,YouBike2.0_臥龍基隆路口,16,0,大安區,2023-05-27 13:42:04,臥龍街與基隆路二段口東北側,16,1
132,500101190,YouBike2.0_敦親公園,20,1,大安區,2023-05-27 13:40:21,和平東路二段96巷8之1號(前方),19,1
135,500101193,YouBike2.0_基隆長興路口,43,1,大安區,2023-05-27 13:44:06,基隆路/長興街(東南側),42,1
136,500101194,YouBike2.0_仁愛路四段122巷口,16,2,大安區,2023-05-27 13:38:13,仁愛路四段118號前,14,1
137,500101196,YouBike2.0_市民敦化路口,15,3,大安區,2023-05-27 13:42:14,敦化南路一段111號前,12,1
140,500101199,YouBike2.0_和平新生路口西南側,13,1,大安區,2023-05-27 13:45:15,新生南路三段2號前,12,1
141,500101200,YouBike2.0_全安公園,16,2,大安區,2023-05-27 13:41:16,安和路二段227巷16號對側,14,1
142,500101201,YouBike2.0_信義路三段134巷口,19,1,大安區,2023-05-27 13:42:14,信義路三段/信義路三段134巷口,18,1
143,500101202,YouBike2.0_仁愛敦南圓環(東南側),16,3,大安區,2023-05-27 13:44:17,仁愛路四段110號前,9,1
144,500101203,YouBike2.0_臺北遠企購物中心,33,0,大安區,2023-05-27 13:30:28,敦化南路二段201號前,32,1
146,500101205,YouBike2.0_四維路170巷口,22,1,大安區,2023-05-27 13:43:14,敦化南路二段92號對側中央分隔島,21,1
147,500101206,YouBike2.0_捷運大安站(3號出口),44,2,大安區,2023-05-27 13:46:15,信義路三段184號前,41,1
148,500101207,YouBike2.0_捷運臺電大樓站(2號出口)_1,31,3,大安區,2023-05-27 13:41:16,羅斯福路三段201號旁,27,1
151,500101210,YouBike2.0_敦化南路二段81巷,40,3,大安區,2023-05-27 13:43:14,敦化南路二段與敦化南路二段81巷口西北側,36,1
157,500101216,YouBike2.0_和平東路二段18巷口,24,3,大安區,2023-05-27 13:45:15,辛亥路二段43號前,20,1
158,500101217,YouBike2.0_捷運大安站(5號出口),19,0,大安區,2023-05-27 13:45:04,復興南路二段/信義路四段(東南側),16,1
159,500101218,YouBike2.0_臨江公園,13,1,大安區,2023-05-27 13:42:04,通化街143巷33號對側,11,1
163,500101223,YouBike2.0_樂利路101巷口,13,2,大安區,2023-05-27 13:44:17,樂利路97號前,11,1
169,500103005,YouBike2.0_重慶酒泉街口,30,0,大同區,2023-05-27 13:33:04,重慶北路三段260號前,30,1
170,500103006,YouBike2.0_樹德公園,14,1,大同區,2023-05-27 13:15:14,大龍街85巷12號對側,13,1
177,500103013,YouBike2.0_台北數位產業園區,24,0,大同區,2023-05-27 13:36:04,承德路三段287號前方,24,1
183,500103024,YouBike2.0_捷運大橋頭站(2號出口),57,1,大同區,2023-05-27 13:40:21,捷運大橋頭站(2號出口)西側,56,1
184,500103025,YouBike2.0_捷運大橋頭站(1A出口),18,0,大同區,2023-05-27 13:36:04,民權西路237號旁,16,1
185,500103026,YouBike2.0_捷運民權西路站(2號出口),25,2,大同區,2023-05-27 13:46:15,捷運民權西路站(2號出口)西側,23,1
188,500103029,YouBike2.0_朝陽公園,10,2,大同區,2023-05-27 13:46:04,重慶北路二段62-1號旁,8,1
194,500103035,YouBike2.0_重慶民族路口,20,3,大同區,2023-05-27 13:46:15,重慶北路三段162號前,16,1
195,500103036,YouBike2.0_承德路三段8巷口,16,3,大同區,2023-05-27 13:34:14,承德路三段14號前,13,1
198,500103039,YouBike2.0_聯合醫院中興院區,27,2,大同區,2023-05-27 13:30:39,長安西路299號(對面),25,1
201,500103042,YouBike2.0_大同運動中心,16,1,大同區,2023-05-27 13:38:14,大龍街51號(旁),15,1
202,500103043,YouBike2.0_重慶保安街口(家樂福重慶店),20,2,大同區,2023-05-27 13:44:17,重慶北路二段171號(旁),18,1
205,500103046,YouBike2.0_民權國中(民權西路),17,3,大同區,2023-05-27 13:42:14,民權西路/蘭州街(西側),14,1
207,500103048,YouBike2.0_南京太原路口,18,2,大同區,2023-05-27 13:43:14,南京西路/太原路(東側),16,1
209,500103050,YouBike2.0_太原五原路口,24,0,大同區,2023-05-27 13:46:15,太原路 / 五原路口(東南側),24,1
211,500103052,YouBike2.0_捷運民權西路站(3號出口),50,3,大同區,2023-05-27 13:45:15,民權西路70巷37號對面,47,1
213,500103054,YouBike2.0_重慶長安路口,15,3,大同區,2023-05-27 13:42:14,長安西路244號(重慶路側),12,1
214,500103055,YouBike2.0_承德昌吉街口,18,3,大同區,2023-05-27 13:45:15,承德路三段83號前,15,1
223,500104001,YouBike2.0_劍潭抽水站,17,1,士林區,2023-05-27 12:27:14,通河東街325巷/通河東街口,12,1
224,500104002,YouBike2.0_通河東街大南路口,15,2,士林區,2023-05-27 13:43:14,通河東街1段192號(旁),12,1
226,500104004,YouBike2.0_百齡國小,50,3,士林區,2023-05-27 13:46:15,前港街104號(對面),47,1
227,500104005,YouBike2.0_雨聲街165巷口,15,1,士林區,2023-05-27 13:38:03,雨聲街/雨聲街165巷(西北側),14,1
228,500104006,YouBike2.0_天和公園,13,3,士林區,2023-05-27 13:28:14,天母東路69巷30號(前方路側),7,1
229,500104007,YouBike2.0_中山天母路口,29,3,士林區,2023-05-27 13:37:14,天母西路3-55號前人行道,26,1
231,500104009,YouBike2.0_臺北市立大學(天母校區),23,3,士林區,2023-05-27 13:45:15,士東路276號至280號對面人行道,20,1
234,500104013,YouBike2.0_天母北天玉街口,15,3,士林區,2023-05-27 13:34:14,天母北路33號(前),12,1
236,500104015,YouBike2.0_明勝公園,14,1,士林區,2023-05-27 13:21:17,承德路4段6巷71號(對面),11,1
244,500104024,YouBike2.0_前港公園(福德宮),18,3,士林區,2023-05-27 13:46:15,後港街134巷/後港街口,15,1
246,500104026,YouBike2.0_前港公園(前港街),19,3,士林區,2023-05-27 13:40:21,前港街48號(對面),16,1
253,500104033,YouBike2.0_福林國小,14,2,士林區,2023-05-27 13:42:14,福志路50號(對面),11,1
255,500104035,YouBike2.0_士林運動中心,30,2,士林區,2023-05-27 13:44:17,士商路1號(前),28,1
259,500104039,YouBike2.0_華聲公園,27,0,士林區,2023-02-03 10:09:04,華聲街17號(南側路側),27,0
261,500104041,YouBike2.0_捷運士林站(2號出口),30,2,士林區,2023-05-27 13:46:15,中山北路五段505巷44弄2號(對面),26,1
262,500104042,YouBike2.0_銘傳大學,30,0,士林區,2023-05-17 23:56:05,中山北路五段250號(銘傳大學對側),29,0
265,500104045,YouBike2.0_聯合醫院陽明院區,15,0,士林區,2023-05-27 13:11:04,雨聲街105號(南側),14,1
270,500104050,YouBike2.0_梅林新村,15,2,士林區,2023-05-27 11:54:04,至善路一段/至善路一段138巷(北側),13,1
272,500104052,YouBike2.0_重慶北路四段190巷口,13,2,士林區,2023-05-27 13:12:14,重慶北路四段198號(前),11,1
273,500104053,YouBike2.0_重慶北葫東街口,15,2,士林區,2023-05-27 13:41:16,重慶北路四段177號(前),13,1
276,500104056,YouBike2.0_社正公園,15,2,士林區,2023-05-27 13:34:14,社中街39號(對面),13,1
283,500104063,YouBike2.0_後港公園,15,1,士林區,2023-05-27 13:32:14,通河東街二段26號(旁公園),14,1
286,500104066,YouBike2.0_延平北路八段133巷口,15,3,士林區,2023-05-27 06:03:14,延平北路八段133巷42號(對面),12,1
289,500104069,YouBike2.0_福安國中,11,3,士林區,2023-05-27 12:35:15,延平北路七段250號(前),8,1
291,500104071,YouBike2.0_聖山綠地,15,0,士林區,2023-05-27 13:30:28,忠義街94號(旁),15,1
293,500104073,YouBike2.0_士林新天地,29,2,士林區,2023-05-27 13:44:17,大南路325號前方,27,1
294,500104074,YouBike2.0_蘭雅國小,27,2,士林區,2023-05-27 13:40:21,礦溪街與中山北路六段195巷口,24,1
297,500104077,YouBike2.0_至善臨溪路口,22,1,士林區,2023-05-27 13:46:15,至善路一段/臨溪路(西南側),21,1
303,500104083,YouBike2.0_芝山聖佑宮,15,3,士林區,2023-05-27 13:39:14,雨聲街90號旁,10,1
304,500104084,YouBike2.0_至誠雨聲街口,9,2,士林區,2023-05-27 13:46:15,至誠路二段與雨聲街口東北側,6,1
306,500104086,YouBike2.0_天母公園,12,1,士林區,2023-05-27 13:43:04,中山北路七段141巷30號對側,11,1
307,500104087,YouBike2.0_基河文林路口,16,3,士林區,2023-05-27 13:30:39,基河路3-1號對側人行道,13,1
311,500104091,YouBike2.0_捷運劍潭站(1號出口),70,2,士林區,2023-05-27 13:43:14,捷運劍潭站(1號出口)北側,68,1
314,500104095,YouBike2.0_葫蘆國小(延平北路五段285巷),15,1,士林區,2023-05-27 11:34:15,環河北路三段/延平北路五段285巷,14,1
315,500104096,YouBike2.0_社子市場,15,3,士林區,2023-05-27 13:21:18,延平北路六段67號旁,12,1
319,500104100,YouBike2.0_延平北路五段257巷15弄口,13,3,士林區,2023-05-27 12:51:15,葫蘆街184號對側,10,1
325,500104106,YouBike2.0_中山北路五段698巷口,15,3,士林區,2023-05-27 13:03:15,中山北路五段692號前,12,1
333,500104114,YouBike2.0_美崙公園,13,1,士林區,2023-05-27 13:38:03,美崙街118號斜對面人行道,12,1
334,500104115,YouBike2.0_臺北市立大學(忠誠路二段207巷),17,2,士林區,2023-05-27 13:22:15,忠誠路二段207巷/士東路299巷口,15,1
336,500104117,YouBike2.0_美崙公園(東北側),15,1,士林區,2023-05-27 13:28:04,文林路587巷115號對側,14,1
338,500105002,YouBike2.0_捷運萬隆站(4號出口),21,0,文山區,2023-05-27 13:28:04,羅斯福路5段210號(前),21,1
339,500105003,YouBike2.0_捷運萬隆站(1號出口),34,0,文山區,2023-05-27 13:46:15,羅斯福路五段250號(前),34,1
340,500105004,YouBike2.0_萬和二號公園,26,3,文山區,2023-05-27 13:41:16,萬隆街255號(對面),23,1
347,500105011,YouBike2.0_興福國中,25,0,文山區,2023-05-27 13:40:10,福興路95巷/福興路63巷4弄口,24,1
349,500105013,YouBike2.0_景美運動公園,11,2,文山區,2023-05-27 13:06:16,景豐街79號(旁公園),8,1
354,500105018,YouBike2.0_國立政治大學,35,3,文山區,2023-05-27 13:10:21,指南路二段153號(對面),32,1
355,500105019,YouBike2.0_捷運動物園站,18,3,文山區,2023-05-27 13:46:15,新光路二段30號(對面),14,1
357,500105021,YouBike2.0_捷運萬芳社區站,31,0,文山區,2023-05-27 12:14:04,萬芳路60號(西側廣場),31,1
366,500105030,YouBike2.0_臺北市立景美女中,25,2,文山區,2023-05-27 13:43:14,木新路三段/一壽街(西北側),22,1
370,500105034,YouBike2.0_老泉街籃球場,14,2,文山區,2023-05-27 13:24:14,老泉街26巷老泉街口(籃球場前),12,1
377,500105041,YouBike2.0_指南路3段2巷,13,0,文山區,2023-05-27 12:12:04,指南路三段4號(旁),13,1
378,500105042,YouBike2.0_萊茵公園,14,2,文山區,2023-05-27 12:34:13,忠順街二段87巷25弄29號,12,1
380,500105044,YouBike2.0_秀明路一段185巷口,20,2,文山區,2023-05-27 13:43:14,秀明路一段與秀明路一段185巷口,18,1
381,500105045,YouBike2.0_秀明路一段129巷口,22,1,文山區,2023-05-27 13:42:04,秀明路一段129巷與秀明路一段路口,21,1
382,500105046,YouBike2.0_恆光橋(老泉街),13,2,文山區,2023-05-27 12:51:15,老泉街/恆光街口,11,1
383,500105047,YouBike2.0_萬有3號公園,14,2,文山區,2023-05-27 13:40:21,景隆街105號(對面),12,1
385,500105049,YouBike2.0_興得閱覽室,24,2,文山區,2023-05-27 13:44:17,興隆路三段304巷145號,19,1
387,500105051,YouBike2.0_博嘉運動公園,12,1,文山區,2023-05-27 12:50:08,木柵路四段159巷16號,11,1
390,500105054,YouBike2.0_政大一街口,14,0,文山區,2023-05-27 12:44:04,政大一街19號對側,13,1
391,500105055,YouBike2.0_文山第二行政中心,30,0,文山區,2023-05-27 13:34:04,興隆路二段160-1號前,30,1
393,500105057,YouBike2.0_海巡署(南側),10,3,文山區,2023-05-27 13:40:21,興隆路三段211號對側(公車亭後),7,1
394,500105058,YouBike2.0_明道國小東南側,18,2,文山區,2023-05-27 13:06:16,興隆路四段109巷116號對側,16,1
397,500105061,YouBike2.0_師範大學公館校區_1,25,2,文山區,2023-05-27 13:46:15,師大公館校區校門口(汀州路側),23,1
398,500105062,YouBike2.0_捷運動物園站(2號出口),39,3,文山區,2023-05-27 13:44:17,新光路二段28號前,35,1
399,500105063,YouBike2.0_政大水岸電梯,10,2,文山區,2023-05-27 13:35:14,政治大學水岸電梯旁,8,1
400,500105064,YouBike2.0_敦南山林,14,2,文山區,2023-05-27 13:07:14,木柵路四段159巷16弄(社區出入口對側),12,1
401,500105065,YouBike2.0_辛亥路五段73巷口,13,1,文山區,2023-05-27 13:28:14,辛亥路五段75-1號前人行道,12,1
403,500105067,YouBike2.0_萬和三號公園(北側),13,1,文山區,2023-05-27 13:45:15,溪洲街107巷(公園北側),10,1
405,500105069,YouBike2.0_景仁公園_1,15,1,文山區,2023-05-27 13:45:05,景仁街 / 羅斯福路六段142巷口(北側),13,1
406,500105070,YouBike2.0_師大公館校區學二舍,40,1,文山區,2023-05-27 13:46:15,臺灣師範大學學二舍西側人行道,37,1
408,500105072,YouBike2.0_萬興國小,16,1,文山區,2023-05-27 13:05:05,秀明路二段114號公車亭旁,15,1
409,500105073,YouBike2.0_辛亥路四段77巷口,14,2,文山區,2023-05-27 13:42:14,辛亥路四段77巷口,12,1
410,500105074,YouBike2.0_景興路42巷口,12,2,文山區,2023-05-27 13:46:15,景興路42巷與景興路口西南側,10,1
412,500105076,YouBike2.0_木柵路二段109巷,15,1,文山區,2023-05-27 12:30:33,木柵路二段109巷14號旁,14,1
414,500105080,YouBike2.0_萬美萬安街口,16,0,文山區,2023-05-27 13:11:04,萬美街一段/萬安街口,16,1
416,500105082,YouBike2.0_新光秀明路口,15,0,文山區,2023-05-27 13:32:04,新光路一段145號前,14,1
419,500106003,YouBike2.0_捷運公館站(1號出口),12,2,中正區,2023-05-27 13:44:17,羅斯福路四段68號,10,1
420,500106004,YouBike2.0_捷運公館站(4號出口),12,1,中正區,2023-05-27 13:42:14,羅斯福路四段48號,11,1
424,500106008,YouBike2.0_客家文化主題公園,15,2,中正區,2023-05-27 13:44:17,師大路/金門街11巷口對側人行道,13,1
425,500106009,YouBike2.0_河堤國小,27,0,中正區,2023-05-27 13:45:05,汀洲路二段182巷內186號旁,26,1
429,500106013,YouBike2.0_羅斯福三段金門街口,15,1,中正區,2023-05-27 13:37:14,羅斯福路三段2號前,13,1
432,500106016,YouBike2.0_捷運古亭站(7號出口),12,2,中正區,2023-05-27 13:42:14,羅斯福路二段44號前方,9,1
436,500106020,YouBike2.0_羅斯福路二段6巷口,14,3,中正區,2023-05-27 13:41:16,羅斯福路二段/羅斯福路二段6巷口,11,1
437,500106021,YouBike2.0_金華杭州南路口,21,0,中正區,2023-05-27 13:38:03,金華街口/杭州南路二段西北側,21,1
441,500106025,YouBike2.0_螢橋國小,32,3,中正區,2023-05-27 13:45:15,泉州街32號對面人行道,29,1
444,500106028,YouBike2.0_中華路二段409巷口,15,2,中正區,2023-05-27 13:35:14,中華路二段403號前,13,1
446,500106030,YouBike2.0_南海和平路口西南側,19,1,中正區,2023-05-27 13:38:14,南海路與和平西路二段西南側,18,1
447,500106031,YouBike2.0_莒光和平路口,20,0,中正區,2023-05-27 13:41:04,莒光路2號前,20,1
449,500106038,YouBike2.0_南門國中,29,2,中正區,2023-05-27 13:46:15,廣州街8巷/廣州街口東南側,25,1
455,500106044,YouBike2.0_濟南紹興路口,39,0,中正區,2023-05-27 13:03:04,濟南紹興路口東南側,39,1
468,500106058,YouBike2.0_聯合醫院和平院區,32,3,中正區,2023-05-27 13:46:15,中華路二段33號旁,29,1
478,500106068,YouBike2.0_莒光大埔街口,32,3,中正區,2023-05-27 13:41:16,莒光路/大埔街口(東北側),28,1
479,500106069,YouBike2.0_捷運忠孝新生站(2號出口),32,3,中正區,2023-05-27 13:45:15,忠孝東路二段132號(東側),27,1
484,500106074,YouBike2.0_王貫英先生紀念圖書館,15,2,中正區,2023-05-27 13:46:15,汀州路二段265號,13,1
487,500106078,YouBike2.0_徐州杭州路口,19,0,中正區,2023-05-27 13:40:10,徐州路/杭州南路一段口(西北側),19,1
489,500106080,YouBike2.0_捷運臺北車站(M2出口),20,0,中正區,2023-05-27 13:42:04,市民大道一段168號旁,20,1
492,500106085,YouBike2.0_弘道國中,18,0,中正區,2023-05-27 13:39:04,公園路21號西北側,17,1
494,500106087,YouBike2.0_台北市替代役中心,15,2,中正區,2023-05-27 13:43:14,汀州路三段8號前,13,1
495,500106088,YouBike2.0_紹興徐州路口,18,2,中正區,2023-05-27 13:42:14,紹興南街/徐州路(東南側),16,1
500,500106093,YouBike2.0_仁愛金山路口,9,0,中正區,2023-05-27 13:14:04,仁愛路二段31號前,9,1
501,500106094,YouBike2.0_杭州南路一段101巷口,14,3,中正區,2023-05-27 13:43:14,金山南路一段72號前,11,1
502,500106095,YouBike2.0_仁愛杭州路口,15,2,中正區,2023-05-27 13:41:16,仁愛路一段59號旁,11,1
506,500106099,YouBike2.0_林森北平路口,20,1,中正區,2023-05-27 13:25:15,林森北路與北平東路口西北側,18,1
508,500106101,YouBike2.0_天津北平路口,15,1,中正區,2023-05-27 13:37:14,天津街1號對側人行道,14,1
509,500106102,YouBike2.0_捷運忠孝新生站(1號出口),19,0,中正區,2023-05-27 13:46:15,捷運忠孝新生站(1號出口)後方,19,1
510,500106103,YouBike2.0_捷運忠孝新生站(5號出口),13,2,中正區,2023-05-27 13:43:14,新生南路一段56號前方,11,1
511,500106104,YouBike2.0_捷運臺大醫院站(1號出口),19,2,中正區,2023-05-27 13:46:15,公園路/常德街口(西側),16,1
517,500106110,YouBike2.0_捷運善導寺站(3號出口)(忠孝東路側),17,2,中正區,2023-05-27 13:46:15,忠孝東路一段/林森南路口,14,1
521,500106114,YouBike2.0_仁愛金山路口(東南側),14,2,中正區,2023-05-27 13:46:15,仁愛路二段48-4號前,12,1
522,500106115,YouBike2.0_臺灣文學基地,15,2,中正區,2023-05-27 13:46:15,齊東街53巷10號,13,1
523,500106116,YouBike2.0_重慶南詔安街口,15,1,中正區,2023-05-27 13:30:39,重慶南路三段/詔安街,14,1
526,500106119,YouBike2.0_螢圃里小公園,19,0,中正區,2023-05-27 13:40:10,汀州路二段135號對側,18,1
527,500106120,YouBike2.0_螢橋公園,15,0,中正區,2023-05-27 13:39:04,和平西路一段110號旁,13,1
530,500107003,YouBike2.0_樂群二堤頂大道口,20,0,中山區,2023-05-27 13:46:04,堤頂大道二段382號(旁),19,1
531,500107004,YouBike2.0_劍潭社區,13,0,中山區,2023-05-27 09:55:11,通北街146巷2弄2號(對面公園),13,1
536,500107009,YouBike2.0_樂群二敬業三路口,20,0,中山區,2023-05-27 13:40:10,敬業三路155號(前),20,1
537,500107010,YouBike2.0_樂群二敬業四路口,36,0,中山區,2023-05-27 13:42:04,樂群二路186號,36,1
539,500107012,YouBike2.0_復興市民路口,45,2,中山區,2023-05-27 13:45:15,復興南路一段36-9號前人行道,43,1
544,500107017,YouBike2.0_南京新生路口,30,3,中山區,2023-05-27 13:46:15,新生北路一段/南京東路一段口(橋墩下方),26,1
545,500107018,YouBike2.0_一江公園,22,3,中山區,2023-05-27 13:28:14,一江街/松江路132巷口(西北側),19,1
546,500107019,YouBike2.0_松江公園,25,1,中山區,2023-05-27 13:43:14,松江路/松江路84巷(西北側路側),24,1
547,500107020,YouBike2.0_新生長春路口,20,1,中山區,2023-05-27 13:34:04,新生北路二段/新生北路二段68巷交叉口(新生橋下),18,1
548,500107021,YouBike2.0_第二果菜批發市場,28,2,中山區,2023-05-27 13:43:14,民族東路410巷2弄18號(東側),24,1
549,500107022,YouBike2.0_民生建國路口,26,0,中山區,2023-05-27 13:44:06,民生東路三段 / 建國北路二段口,26,1
552,500107025,YouBike2.0_龍江錦州街口,16,3,中山區,2023-05-27 13:39:14,龍江路287號前方,12,1
556,500107029,YouBike2.0_朱崙商場,31,0,中山區,2023-05-27 13:46:04,龍江路15號前,30,1
557,500107030,YouBike2.0_中吉公園,15,2,中山區,2023-05-27 13:34:14,松江路170巷20號對側,13,1
560,500107033,YouBike2.0_江寧公園,15,1,中山區,2023-05-27 13:39:14,合江街186號對側,13,1
564,500107037,YouBike2.0_林森農安街口,17,1,中山區,2023-05-27 13:38:14,林森北路582號(前),16,1
565,500107038,YouBike2.0_捷運中山國小站(4號出口),20,1,中山區,2023-05-27 13:45:05,民權東路一段/民權東路一段71巷口,19,1
566,500107039,YouBike2.0_農安雙城街口,15,1,中山區,2023-05-27 13:38:14,農安街12-1號前方,14,1
568,500107041,YouBike2.0_民族林森路口,20,0,中山區,2023-05-27 12:59:04,民族東路17號前,18,1
571,500107044,YouBike2.0_新生高架停車場(林森北路107巷口),14,2,中山區,2023-05-27 13:44:17,新生北路一段與林森北路107巷口(新生高架橋下),11,1
573,500107046,YouBike2.0_仁德公園,18,0,中山區,2023-04-17 00:35:05,吉林路108巷與南京東路二段21巷口東南側,18,0
574,500107047,YouBike2.0_中原公園,15,3,中山區,2023-05-27 13:39:14,新生北路二段45巷(中原公園西側),12,1
576,500107049,YouBike2.0_五常國中,16,1,中山區,2023-05-27 13:26:19,復興北路488巷2弄5號對側,14,1
577,500107050,YouBike2.0_榮星花園,38,1,中山區,2023-05-27 13:44:17,五常街77號對側,34,1
579,500107052,YouBike2.0_松江路431巷口,15,1,中山區,2023-05-27 13:40:10,松江路433號前,14,1
580,500107053,YouBike2.0_新喜公園,13,0,中山區,2023-05-27 13:12:04,德惠街170巷22號對側,12,1
581,500107054,YouBike2.0_吉林路407巷口,15,2,中山區,2023-05-27 13:44:06,吉林路401號前,12,1
583,500107056,YouBike2.0_林安泰古厝,22,2,中山區,2023-05-27 13:21:18,濱江街5號對側,20,1
584,500107057,YouBike2.0_中山公民會館,20,1,中山區,2023-05-27 13:36:04,中山北路二段128巷口,17,1
585,500107058,YouBike2.0_渭水八德路口,23,1,中山區,2023-05-27 13:11:15,渭水路54號對側,20,1
587,500107060,YouBike2.0_撫順公園,20,1,中山區,2023-05-27 13:39:14,中山北路三段2號對側,18,1
588,500107061,YouBike2.0_新生公園,16,0,中山區,2023-05-27 13:45:16,民族東路/吉林路口(西北側),16,1
591,500107064,YouBike2.0_建國農安街口,35,3,中山區,2023-05-27 13:39:14,建國北路/農安街口(建國橋下),30,1
592,500107065,YouBike2.0_松江路77巷口,10,1,中山區,2023-05-27 13:17:22,松江路77巷口,9,1
594,500107067,YouBike2.0_市民新生路口,15,2,中山區,2023-05-27 13:45:16,新生北路一段36號前,13,1
595,500107068,YouBike2.0_民權吉林路口,15,0,中山區,2023-05-27 13:43:04,民權東路二段51號前,14,1
597,500107070,YouBike2.0_捷運行政大樓,14,1,中山區,2023-05-27 13:38:14,中山北路二段48巷7號前,13,1
598,500107071,YouBike2.0_中吉公園(松江路188巷),22,1,中山區,2023-05-27 13:46:15,松江路188巷11號對側,21,1
599,500107072,YouBike2.0_吉林路123巷口,13,3,中山區,2023-05-27 13:22:15,吉林路125號前,10,1
604,500107078,YouBike2.0_永盛公園(民生東路一段23巷),24,1,中山區,2023-05-27 13:41:16,民生東路一段23巷/民生東路一段27巷口,23,1
605,500107079,YouBike2.0_新生錦州街口,20,3,中山區,2023-05-27 13:38:14,新生北路二段100號前,17,1
606,500107080,YouBike2.0_濱江街199巷口,15,2,中山區,2023-05-27 13:33:04,濱江街199巷(八號疏散門前),13,1
607,500107081,YouBike2.0_大佳社區公園,15,0,中山區,2023-05-27 10:38:04,濱江街154巷對側,15,1
609,500107083,YouBike2.0_興安合江路口,19,2,中山區,2023-05-27 13:40:21,興安街60號對側,17,1
610,500107084,YouBike2.0_復興北路514巷口東側,10,0,中山區,2023-05-27 13:41:04,復興北路514巷66號前側,9,1
611,500107085,YouBike2.0_台泥大樓,18,1,中山區,2023-05-27 13:35:14,中山北路二段113-133號前,15,1
615,500107089,YouBike2.0_南京龍江路口,15,2,中山區,2023-05-27 13:25:15,南京東路三段121號前,13,1
620,500107095,YouBike2.0_中429公園,15,0,中山區,2023-05-27 10:24:04,敬業三路177巷南側,15,1
622,500107097,YouBike2.0_松江民生路口,17,3,中山區,2023-05-27 13:38:14,松江路208號前,13,1
624,500107099,YouBike2.0_長春吉林路口,10,3,中山區,2023-05-27 13:32:14,長春路120號前,7,1
625,500107100,YouBike2.0_長春一江街口,11,1,中山區,2023-05-27 13:45:16,長春路135號前,10,1
631,500107106,YouBike2.0_新生農安街口,15,0,中山區,2023-05-27 12:58:04,新生北路三段與農安街口(高架橋下),15,1
632,500107107,YouBike2.0_稻江高級護理家事職業學校,14,2,中山區,2023-05-27 13:45:16,農安街77巷與農安街77巷1弄口,11,1
633,500107108,YouBike2.0_捷運大直站(3號出口)_1,18,1,中山區,2023-05-27 13:46:04,北安路458巷41弄52之1號前,17,1
635,500107110,YouBike2.0_民權吉林路口(南側),16,1,中山區,2023-05-27 13:46:15,民權東路二段46號前,15,1
637,500107112,YouBike2.0_民權新生路口,26,1,中山區,2023-05-27 13:46:15,民權東路一段/新生北路三段(北側)(新生高架橋下),25,1
638,500107113,YouBike2.0_建國長春路口(北側),20,3,中山區,2023-05-27 13:31:15,建國北路/長春路口(北側),15,1
639,500107114,YouBike2.0_中山行政中心,24,1,中山區,2023-05-27 13:41:16,松江路/農安街口,21,1
642,500107117,YouBike2.0_濱江國小游泳池,16,1,中山區,2023-05-27 13:08:14,樂群二路266巷99號前,14,1
644,500107119,YouBike2.0_中428公園,15,1,中山區,2023-05-27 13:34:14,樂群二路30巷/樂群二路116巷61弄,14,1
645,500107120,YouBike2.0_復華公園,20,2,中山區,2023-05-27 13:44:17,南京東路三段109巷/龍江路120巷,18,1
648,500107123,YouBike2.0_八德市場(北側),16,3,中山區,2023-05-27 13:44:17,建國南路一段/市民大道交叉口(北側),12,1
649,500107124,YouBike2.0_龍江朱崙街口,14,3,中山區,2023-05-27 13:38:14,龍江路/朱崙街口西北側,11,1
652,500107127,YouBike2.0_民權建國路口(南側),15,0,中山區,2023-05-27 13:40:10,民權東路三段/建國北路二段(南側高架橋下),14,1
653,500107128,YouBike2.0_林森德惠街口,16,1,中山區,2023-05-27 13:40:21,德惠街11號東側,14,1
654,500107129,YouBike2.0_新生濱江街口(東南側),21,2,中山區,2023-05-27 13:43:14,新生北路三段/濱江街口(東南側),19,1
655,500107130,YouBike2.0_新生北路一段62巷口,20,1,中山區,2023-05-27 13:15:15,新生北路一段64號對側,19,1
656,500107131,YouBike2.0_新生長春路口(東北側),19,0,中山區,2023-05-27 13:13:04,新生北路二段39-2號對側,18,1
658,500107133,YouBike2.0_敬業三樂群三路口(西北側),16,1,中山區,2023-05-27 13:46:15,敬業三路/樂群三路口,15,1
659,500107134,YouBike2.0_長春路258巷2弄口,15,3,中山區,2023-05-27 13:05:16,長春路258巷6號北側,12,1
661,500107136,YouBike2.0_建國五常街口,20,1,中山區,2023-05-27 13:45:16,建國北路三段/五常街,19,1
663,500107138,YouBike2.0_市民安東街口,20,1,中山區,2023-05-27 13:17:32,市民大道三段179號前,19,1
664,500107139,YouBike2.0_市民大道二段5巷口,15,3,中山區,2023-05-27 13:36:15,市民大道二段/市民大道二段5巷,12,1
665,500108001,YouBike2.0_文湖街21巷118弄口,19,0,內湖區,2023-05-27 13:03:04,文湖街21巷118弄6-10號(前),18,1
674,500108010,YouBike2.0_港華五號公園,16,0,內湖區,2023-05-27 12:40:10,環山路二段81號西北側,16,1
675,500108011,YouBike2.0_大湖國小,25,2,內湖區,2023-05-27 13:40:10,大湖山莊街/大湖山莊街176巷(東南側),21,1
677,500108013,YouBike2.0_東湖路113巷95弄,10,0,內湖區,2023-05-27 10:23:04,東湖路113巷95弄13號西側,9,1
679,500108015,YouBike2.0_文德三號公園(江南街71巷16弄),15,2,內湖區,2023-05-27 13:42:14,瑞光路271號東南側,13,1
682,500108019,YouBike2.0_星雲街47號,15,1,內湖區,2023-05-27 13:37:04,星雲街47號南側,14,1
684,500108021,YouBike2.0_捷運西湖站(2號出口),12,0,內湖區,2023-05-27 13:08:04,內湖路一段291號(對面),12,1
689,500108026,YouBike2.0_碧山公園,31,0,內湖區,2023-05-27 13:27:04,內湖路三段60巷28號東側,31,1
693,500108030,YouBike2.0_文德二號公園(南側),13,0,內湖區,2023-05-27 12:38:04,陽光街與陽光街68巷102弄口,13,1
695,500108032,YouBike2.0_瑞陽公園,12,0,內湖區,2023-05-27 13:38:04,文德路22巷6號(對面),12,1
699,500108036,YouBike2.0_潭美國小(南京舊宗路口),16,0,內湖區,2023-05-27 12:19:03,行善路179號南側,16,1
700,500108037,YouBike2.0_新明路343號,10,2,內湖區,2023-05-27 13:07:14,新明路341號北側,8,1
701,500108038,YouBike2.0_週美里活動廣場,17,3,內湖區,2023-05-27 13:46:15,潭美街139號對側,14,1
704,500108041,YouBike2.0_安康路32巷24弄,21,1,內湖區,2023-05-27 13:04:17,安康路32巷24弄22號,20,1
709,500108047,YouBike2.0_瑞光公共住宅(瑞光路),18,0,內湖區,2023-05-27 12:23:04,瑞光路160號,18,1
710,500108048,YouBike2.0_民權東路六段15巷,17,1,內湖區,2023-05-27 01:11:15,民權東路六段15巷29號,16,1
711,500108049,YouBike2.0_扶輪親恩公園,17,1,內湖區,2023-05-27 13:43:04,民權東路六段30號,15,1
715,500108054,YouBike2.0_三軍總醫院,14,3,內湖區,2023-05-27 13:41:16,成功路二段424號(對面),11,1
716,500108055,YouBike2.0_福華商場,20,1,內湖區,2023-05-27 13:45:05,民權東路六段/民權東路六段180巷(西南側),19,1
720,500108059,YouBike2.0_金湖路347巷125弄口,15,0,內湖區,2023-05-27 13:41:04,金湖路347巷125弄1號(對面),15,1
722,500108061,YouBike2.0_碧湖公園(內湖路二段103巷),19,2,內湖區,2023-05-27 13:45:16,內湖路二段103巷76號(對面),17,1
723,500108062,YouBike2.0_貿七社區,17,3,內湖區,2023-05-27 13:39:14,內湖路二段179巷48弄17號(旁),14,1
726,500108065,YouBike2.0_康寧金湖路口,14,0,內湖區,2023-05-27 12:48:04,康寧路一段273號(對面),14,1
727,500108066,YouBike2.0_康寧路一段156巷20弄口,17,1,內湖區,2023-05-27 13:21:18,康寧路一段156巷/康寧路一段156巷20弄(西側),16,1
735,500108074,YouBike2.0_康寧公園(北側),20,1,內湖區,2023-05-27 13:38:14,康寧路三段60號南側,19,1
745,500108085,YouBike2.0_金龍公園,15,0,內湖區,2023-05-27 13:23:04,金龍路112巷口(金龍公園側),15,1
746,500108086,YouBike2.0_星雲街138巷1弄口,15,3,內湖區,2023-05-27 13:14:18,星雲街138巷18號,11,1
747,500108087,YouBike2.0_東湖一號公園,10,0,內湖區,2023-05-27 12:50:08,康寧路三段189巷163弄13號東南側,10,1
748,500108088,YouBike2.0_東湖二號公園,15,1,內湖區,2023-05-27 13:46:15,康寧路三段99巷39弄70號東南側,13,1
749,500108089,YouBike2.0_康湖二號公園(康寧醫院),16,3,內湖區,2023-05-27 13:40:21,成功路五段420巷17號東側,11,1
750,500108090,YouBike2.0_堤頂大道新湖一路口,13,0,內湖區,2023-05-27 12:07:04,堤頂大道一段215號前,12,1
752,500108092,YouBike2.0_舊宗行善路口,9,1,內湖區,2023-05-27 13:04:17,行善路179號西側,8,1
755,500108095,YouBike2.0_金湖星雲街口,30,0,內湖區,2023-05-27 13:17:22,金湖路83號對側,30,1
756,500108096,YouBike2.0_國防醫學院,15,3,內湖區,2023-05-27 12:36:15,民權東路六段161號前側,12,1
761,500108102,YouBike2.0_行善行愛路口,12,0,內湖區,2023-05-27 11:35:05,行善路243號(前),12,1
763,500108104,YouBike2.0_統振大樓,25,1,內湖區,2023-05-27 09:56:04,安美街181號前,24,1
765,500108106,YouBike2.0_潭美公園(南京東路六段368巷),18,3,內湖區,2023-05-27 13:24:14,南京東路六段366號對側,14,1
768,500108109,YouBike2.0_瑞光路76巷口,12,1,內湖區,2023-05-27 08:01:04,瑞光路102號前,11,1
770,500108111,YouBike2.0_新湖國小,12,2,內湖區,2023-05-27 11:43:15,民權東路六段/成功路二段320巷31弄(東南側),10,1
771,500108112,YouBike2.0_碧山內湖路口,16,2,內湖區,2023-05-27 13:45:16,內湖路三段72巷15號西側,14,1
772,500108115,YouBike2.0_民權東路六段413巷,16,1,內湖區,2023-05-27 10:48:04,民權東路六段409號前,15,1
773,500108116,YouBike2.0_宏匯瑞光廣場(瑞光路),16,2,內湖區,2023-05-27 13:19:14,瑞光路353號前(瑞光路側人行道),14,1
776,500108119,YouBike2.0_內湖路一段360巷,15,1,內湖區,2023-05-27 13:34:14,內湖路一段358號,14,1
777,500108120,YouBike2.0_成功路三段83號前,11,1,內湖區,2023-05-27 13:46:04,成功路三段83號前,10,1
778,500108121,YouBike2.0_內湖路一段47巷,16,0,內湖區,2023-05-27 11:23:04,內湖路一段47巷/內湖路一段47巷22弄,16,1
779,500108122,YouBike2.0_陽光舊宗路口,20,3,內湖區,2023-05-27 13:15:15,陽光街/舊宗路二段,17,1
780,500108123,YouBike2.0_安湖公園,8,0,內湖區,2023-05-27 09:32:04,東湖路113巷95弄/康寧路三段75巷,8,1
782,500108126,YouBike2.0_安泰街(康樂橋下),15,3,內湖區,2023-05-27 12:10:19,安泰街(康樂橋下),12,1
783,500108127,YouBike2.0_康樂綠地,15,0,內湖區,2023-05-27 10:57:04,康樂街191巷/康樂街,15,1
785,500108129,YouBike2.0_明美公園(行善路333巷),16,1,內湖區,2023-05-27 13:23:15,行善路333巷92號前,15,1
786,500108130,YouBike2.0_行善路383巷,17,2,內湖區,2023-05-27 13:35:14,行善路383巷27號對側,14,1
789,500108133,YouBike2.0_內湖路三段326巷口,15,0,內湖區,2023-05-27 13:33:04,內湖路三段326巷/內湖路三段,15,1
790,500108134,YouBike2.0_成功公園,11,3,內湖區,2023-05-27 13:26:19,成功路四段223巷/成功路四段223巷6弄,8,1
791,500108135,YouBike2.0_康寧路三段189巷93弄口,14,0,內湖區,2023-05-27 13:46:16,康寧路三段189巷/康寧路三段189巷93弄,13,1
792,500108136,YouBike2.0_中國醫藥大學附設醫院臺北分院,13,0,內湖區,2023-05-27 13:25:05,內湖路二段368號對側,11,1
793,500108137,YouBike2.0_康樂抽水站,15,3,內湖區,2023-05-27 13:36:15,東湖路160巷23號,12,1
795,500108139,YouBike2.0_文德一號綠地,15,3,內湖區,2023-05-27 12:30:45,內湖區文德路91號旁,12,1
797,500108141,YouBike2.0_行善社會住宅,23,3,內湖區,2023-05-27 13:03:15,行愛路與新湖一路口西南側,20,1
798,500108142,YouBike2.0_康寧路三段99巷17弄口,15,0,內湖區,2023-05-27 11:58:03,康寧路三段99巷19號對側,15,1
799,500108143,YouBike2.0_堤頂大道二段407巷口,15,1,內湖區,2023-05-27 13:37:04,堤頂大道二段405號前,14,1
800,500108144,YouBike2.0_海德堡科技大樓,12,2,內湖區,2023-05-27 10:03:15,堤頂大道二段473號前,9,1
801,500108145,YouBike2.0_致伸科技大樓,17,1,內湖區,2023-05-27 12:38:14,瑞光路669號旁,16,1
802,500108146,YouBike2.0_內湖路一段288巷口,20,1,內湖區,2023-05-27 11:22:15,內湖路一段290號前,19,1
803,500108147,YouBike2.0_大都會客運內湖站,15,0,內湖區,2023-05-27 10:25:05,民權東路六段11巷25號對側,15,1
804,500108148,YouBike2.0_瑞湖公園,15,1,內湖區,2023-05-27 10:44:04,民權東路六段15巷/民權東路六段19巷,14,1
805,500108150,YouBike2.0_台灣世曦大樓,16,1,內湖區,2023-05-27 13:45:05,陽光街323號,14,1
807,500108152,YouBike2.0_瑞光路358巷口,14,3,內湖區,2023-05-27 10:48:14,瑞光路/瑞光路358巷,11,1
811,500108157,YouBike2.0_新湖三行忠路72巷口,15,1,內湖區,2023-05-27 07:39:04,新湖三路/行忠路72巷,13,1
812,500108158,YouBike2.0_新湖三新湖二146巷口,15,0,內湖區,2023-05-27 13:25:05,新湖三路122、124號對側,15,1
815,500108161,YouBike2.0_內湖路一段120巷15弄,19,3,內湖區,2023-05-27 06:54:14,內湖路一段120巷15弄8號對側,16,1
816,500108162,YouBike2.0_北勢湖環保公園(堤頂大道側),14,1,內湖區,2023-05-27 12:09:04,堤頂大道二段501號前,13,1
817,500108164,YouBike2.0_達爾文大樓,15,2,內湖區,2023-05-27 12:49:14,洲子街61號,13,1
822,500109005,YouBike2.0_文林建民路口,20,3,北投區,2023-05-27 13:37:14,文林北路214-216號(前),17,1
829,500109012,YouBike2.0_捷運關渡站(2號出口),14,2,北投區,2023-05-27 13:46:16,捷運關渡站2號出口外人行道,12,1
830,500109013,YouBike2.0_中央北路四段540巷口,19,3,北投區,2023-05-27 13:45:16,中央北路四段529號(對面),16,1
834,500109017,YouBike2.0_豐年公園,20,1,北投區,2023-05-27 13:08:14,大業路529號(對面),19,1
836,500109019,YouBike2.0_國防大學政治作戰學院,30,0,北投區,2023-05-27 13:42:04,中央北路二段167號(對面),28,1
837,500109020,YouBike2.0_秀山區民活動中心,20,1,北投區,2023-05-27 12:01:56,秀山路50號(旁),19,1
855,500109040,YouBike2.0_振興公園,13,2,北投區,2023-05-27 13:45:16,天母西路109號(對面),10,1
859,500109044,YouBike2.0_榮富公園,13,1,北投區,2023-05-27 13:40:21,榮華三路2號(旁),12,1
862,500109047,YouBike2.0_中央北路四段30巷口,16,3,北投區,2023-05-27 13:39:14,中央北路四段32號(旁),12,1
865,500109050,YouBike2.0_復興公園,14,1,北投區,2023-05-27 13:35:04,中和街61號對側,13,1
874,500109059,YouBike2.0_珠海復興一路口,15,0,北投區,2023-05-27 13:17:22,珠海路/復興一路口(東側),15,1
876,500109061,YouBike2.0_新奇岩社會住宅,12,2,北投區,2023-05-27 13:30:39,磺港路269-271號(旁),10,1
881,500109066,YouBike2.0_福星公園,18,3,北投區,2023-05-27 11:03:15,文林北路280號(對側公園),14,1
882,500109067,YouBike2.0_中庸公園,12,3,北投區,2023-05-27 13:39:14,珠海路1號旁,7,1
883,500109068,YouBike2.0_豐年公園_1,18,3,北投區,2023-05-27 13:32:14,大業路539號,15,1
887,500109073,YouBike2.0_北投公園露天溫泉,15,3,北投區,2023-05-27 13:41:16,中山路6號西側(北投溪木道西側),12,1
888,500109074,YouBike2.0_中和街493巷9弄口,16,0,北投區,2023-05-27 13:41:04,中和街493巷9弄2號對側,16,1
893,500109079,YouBike2.0_捷運忠義站(2號出口),20,1,北投區,2023-05-27 13:34:14,捷運忠義站(2號出口)無障礙坡道旁,19,1
898,500109085,YouBike2.0_北投文化公園(北側),15,0,北投區,2023-05-27 13:27:04,文化三路2號西側公園,15,1
900,500110003,YouBike2.0_塔悠八德路口,34,2,松山區,2023-05-27 13:39:14,塔悠路2號(旁),31,1
901,500110004,YouBike2.0_鵬程公園,24,0,松山區,2023-05-27 13:39:04,健康路399號北側,24,1
905,500110008,YouBike2.0_光復北路11巷口,23,3,松山區,2023-05-27 13:45:16,光復北路13號(旁),20,1
906,500110009,YouBike2.0_捷運南京三民站(4號出口),13,3,松山區,2023-05-27 13:46:16,南京東路五段229號(前),9,1
907,500110010,YouBike2.0_西松高中,14,1,松山區,2023-05-27 13:44:06,健康路325巷5弄5號(前),12,1
909,500110012,YouBike2.0_民福三號綠地,15,2,松山區,2023-05-27 13:12:14,民族東路712號(對面),13,1
919,500110022,YouBike2.0_民權運動公園,21,3,松山區,2023-05-27 13:23:15,民權東路四段/新中街口(西南側),18,1
920,500110023,YouBike2.0_新東公園,36,1,松山區,2023-05-27 13:44:17,民生東路五段/塔悠路口(西南側),35,1
922,500110025,YouBike2.0_三民公園,22,3,松山區,2023-05-27 13:23:15,撫遠街298號對側公園,19,1
923,500110026,YouBike2.0_八德路三段74巷口,17,0,松山區,2023-05-27 13:37:04,八德路三段74巷95號南側,17,1
925,500110028,YouBike2.0_三軍總醫院(松山分院),44,0,松山區,2023-05-27 13:46:16,光復北路/光復北路190巷口(東南側),43,1
927,500110030,YouBike2.0_健康社會住宅,20,2,松山區,2023-05-27 13:42:14,健康路305號(前),16,1
931,500110034,YouBike2.0_光復南路58巷,12,3,松山區,2023-05-27 13:38:14,光復南路58巷11號東側,6,1
932,500110035,YouBike2.0_松山新城,14,0,松山區,2023-05-27 13:30:28,健康路78號(對面),14,1
933,500110036,YouBike2.0_內政部營建署,33,2,松山區,2023-05-27 13:45:16,八德路二段342號(前),31,1
938,500110041,YouBike2.0_復盛公園,20,2,松山區,2023-05-27 13:43:14,八德路四段106巷/八德路四段106巷6弄口(東側),17,1
944,500110047,YouBike2.0_捷運小巨蛋站(5號出口),22,1,松山區,2023-05-27 13:40:21,南京東路四段75-1號前,21,1
948,500110051,YouBike2.0_民權東路三段106巷口,22,1,松山區,2023-05-27 13:42:14,民權東路三段102號前,19,1
949,500110052,YouBike2.0_南京東路五段59巷口,11,3,松山區,2023-05-27 13:43:14,南京東路五段57號(前),8,1
950,500110053,YouBike2.0_三民公園(塔悠路),20,1,松山區,2023-05-27 13:46:04,塔悠路/撫遠街261巷(西側),19,1
952,500110055,YouBike2.0_西松公園,11,2,松山區,2023-05-27 13:37:14,健康路/南京東路五段251巷50弄(西側),8,1
953,500110056,YouBike2.0_長壽公園,15,0,松山區,2023-05-27 13:46:04,健康路174號(旁),15,1
954,500110057,YouBike2.0_復源公園,14,2,松山區,2023-05-27 13:44:17,八德路三段106巷62號(對面),10,1
957,500110060,YouBike2.0_西松高中(健康路325巷),31,0,松山區,2023-05-27 13:21:04,健康路325巷 / 健康路325巷12弄口(東北側),31,1
960,500110063,YouBike2.0_介壽國中,12,0,松山區,2023-05-27 13:42:04,民生東路五段36巷/光復北路165巷,11,1
963,500110066,YouBike2.0_新東街51巷口,23,3,松山區,2023-05-27 13:44:17,三民路 / 新東街51巷口(東側),20,1
964,500110067,YouBike2.0_八德立體停車場,16,0,松山區,2023-05-27 13:45:05,八德路/松信路(西南側),16,1
965,500110068,YouBike2.0_長春慶城街口,16,1,松山區,2023-05-27 13:37:04,長春路431號前,15,1
966,500110069,YouBike2.0_八德路四段652巷口,20,1,松山區,2023-05-27 13:31:16,八德路四段650號南側,19,1
968,500110071,YouBike2.0_捷運小巨蛋站(3號出口),15,0,松山區,2023-05-27 13:38:04,南京東路四段12號前,15,1
972,500110076,YouBike2.0_市民延吉街口,30,0,松山區,2023-05-27 13:39:04,市民大道/延吉街(市民大道橋下空地),28,1
973,500110077,YouBike2.0_龍城市場,15,3,松山區,2023-05-27 13:40:21,光復北路190巷35號對側,11,1
976,500110080,YouBike2.0_五常街370巷,11,3,松山區,2023-05-27 13:46:16,五常街370巷8號,8,1
980,500111004,YouBike2.0_忠孝東路六段225巷口,35,0,南港區,2023-05-27 13:40:10,忠孝東路六段219號,35,1
982,500111006,YouBike2.0_合樂公園,15,1,南港區,2023-05-27 13:31:16,玉成街46號東側,14,1
983,500111007,YouBike2.0_合心廣場,38,3,南港區,2023-05-27 13:43:14,忠孝東路六段17號東北側,35,1
984,500111008,YouBike2.0_成德國中,26,2,南港區,2023-05-27 13:42:14,東新街118巷15號南側,23,1
990,500111014,YouBike2.0_中研公園,40,1,南港區,2023-05-27 13:32:14,研究院路二段12巷58弄9號西側,39,1
993,500111017,YouBike2.0_凌雲市場,20,1,南港區,2023-05-27 13:45:05,研究院路三段68巷9號北側,19,1
995,500111019,YouBike2.0_捷運南港軟體園區(2號出口),34,3,南港區,2023-05-27 13:27:14,經貿二路183號(2號出口),31,1
999,500111023,YouBike2.0_東陽公園,30,3,南港區,2023-05-27 13:43:14,重陽路125巷34號東側,27,1
1000,500111024,YouBike2.0_向陽南港路口,21,0,南港區,2023-05-27 13:45:16,向陽路49號北側,20,1
1004,500111028,YouBike2.0_東新國小,22,2,南港區,2023-05-27 13:45:16,東明街68號北側,19,1
1006,500111030,YouBike2.0_六福公園,19,3,南港區,2023-05-27 13:45:16,研究院路二段35巷23弄25號北側,16,1
1007,500111031,YouBike2.0_南港加壓站,24,3,南港區,2023-05-27 13:30:39,研究院路二段3巷1號西側,21,1
1015,500111039,YouBike2.0_凌雲五村(研究院路三段8巷),26,2,南港區,2023-05-27 13:23:15,研究院路三段10巷1號東側,24,1
1017,500111041,YouBike2.0_南港高中(昆陽街),14,3,南港區,2023-05-27 13:43:14,昆陽街58號東側,10,1
1018,500111042,YouBike2.0_南港路三段290巷口,20,2,南港區,2023-05-27 13:29:14,南港路三段314巷20號,18,1
1019,500111043,YouBike2.0_南港路三段220巷口,25,2,南港區,2023-05-27 13:45:16,南港路三段133號,22,1
1022,500111046,YouBike2.0_捷運後山埤站(3號出口),12,0,南港區,2023-05-15 07:23:15,玉成街150號,12,0
1023,500111047,YouBike2.0_玉成公園運動中心,15,2,南港區,2023-05-27 13:46:16,中坡南路19號,13,1
1024,500111048,YouBike2.0_百福公園,18,1,南港區,2023-05-27 13:43:14,福德街309巷7號南側,16,1
1026,500111050,YouBike2.0_園區重陽路口,13,0,南港區,2023-05-27 12:43:04,重陽路458號西側,12,1
1028,500111052,YouBike2.0_胡適公園,20,2,南港區,2023-05-27 12:44:14,研究院路二段/研究院路二段132巷北側,18,1
1030,500111054,YouBike2.0_經貿公園,20,1,南港區,2023-05-27 13:06:16,經園街58號北側,19,1
1031,500111055,YouBike2.0_育成高中,20,1,南港區,2023-05-27 13:41:16,惠民街71號西側,19,1
1033,500111057,YouBike2.0_力行橋(南港),18,0,南港區,2023-05-27 13:36:04,研究院路一段101巷16弄2號南側,18,1
1034,500111058,YouBike2.0_舊莊國小(舊莊街一段),15,1,南港區,2023-05-27 12:10:19,舊莊街一段/舊莊街一段145巷口,14,1
1039,500111063,YouBike2.0_成德綠地,17,2,南港區,2023-05-27 13:41:16,東新街65號東南側,15,1
1042,500111066,YouBike2.0_昆陽公園,14,0,南港區,2023-05-27 13:34:04,昆陽街173號對側,14,1
1043,500111067,YouBike2.0_南港路二段178巷口,18,3,南港區,2023-05-27 13:30:39,南港路二段 / 南港路二段178巷口(北側),14,1
1046,500111070,YouBike2.0_玉成公園(成福路178巷口),18,1,南港區,2023-05-27 13:41:16,成福路178巷8號對側,15,1
1047,500111071,YouBike2.0_玉東公園(東新街),14,3,南港區,2023-05-27 13:24:14,東新街/市民大道七段(北側),11,1
1049,500111073,YouBike2.0_成福路197巷口,15,1,南港區,2023-05-27 13:46:16,成福路197巷/成福路,14,1
1052,500111076,YouBike2.0_南港展覽館2館,18,2,南港區,2023-05-27 13:24:14,經貿二路/南港路一段(西北側),16,1
1053,500111077,YouBike2.0_舊莊派出所,15,3,南港區,2023-05-27 13:46:16,舊莊街一段/舊莊街一段215巷,12,1
1056,500111080,YouBike2.0_忠孝東路六段278巷口,14,1,南港區,2023-05-27 13:37:14,忠孝東路/忠孝東路六段278巷,13,1
1060,500111084,YouBike2.0_忠孝東路六段212巷口,15,0,南港區,2023-05-27 13:46:16,忠孝東路六段226號前,14,1
1061,500111085,YouBike2.0_新富公園,13,1,南港區,2023-05-27 13:43:14,富康街47巷2號對側,12,1
1065,500112002,YouBike2.0_基隆路二段159巷口,14,0,信義區,2023-05-27 13:44:06,基隆路二段155號,11,1
1066,500112003,YouBike2.0_嘉興街175巷口,16,2,信義區,2023-05-27 13:44:17,基隆路二段131-4號(前),12,1
1067,500112004,YouBike2.0_和平東路三段631巷口,15,0,信義區,2023-05-27 13:40:10,和平東路三段633號前,15,1
1068,500112005,YouBike2.0_和平東路三段530巷口,15,2,信義區,2023-05-27 13:23:15,和平東路三段530巷口東北側,13,1
1069,500112006,YouBike2.0_景勤二號公園,41,1,信義區,2023-05-27 13:40:10,信安街50號(對面),40,1
1070,500112007,YouBike2.0_臺北醫學大學,55,3,信義區,2023-05-27 13:45:16,台北醫學大學(吳興街220巷59弄),52,1
1071,500112008,YouBike2.0_三興公園,31,1,信義區,2023-05-27 13:39:04,吳興街118巷35弄28號前方(三興公園),30,1
1074,500112011,YouBike2.0_象山公園,34,2,信義區,2023-05-27 13:45:16,松仁路153巷15號東側,32,1
1075,500112012,YouBike2.0_松仁路253巷3弄,26,1,信義區,2023-05-27 13:44:17,松仁路215巷6號,24,1
1080,500112017,YouBike2.0_台北市災害應變中心,45,1,信義區,2023-05-27 13:43:04,莊敬路391巷11弄2號(東北側),43,1
1083,500112020,YouBike2.0_景新公園,17,2,信義區,2023-05-27 13:46:16,莊敬路239巷12號(對面),15,1
1084,500112021,YouBike2.0_光復信義路口東南側,16,0,信義區,2023-05-27 13:37:04,光復南路485號前方,15,1
1085,500112022,YouBike2.0_三張犁,40,1,信義區,2023-05-27 13:41:16,光復南路455號前方,35,1
1088,500112025,YouBike2.0_松友公園,27,3,信義區,2023-05-27 13:39:14,信義路六段76巷2弄22號(對面),23,1
1090,500112027,YouBike2.0_松山家商,25,0,信義區,2023-05-27 13:41:04,松山路655號(前),25,1
1099,500112037,YouBike2.0_春光公園,30,1,信義區,2023-05-27 13:44:06,林口街230號(斜對面),28,1
1101,500112039,YouBike2.0_福德國小,35,1,信義區,2023-05-27 13:45:05,福德街251巷2號對側,32,1
1102,500112040,YouBike2.0_福德公園,35,2,信義區,2023-05-27 13:45:16,大道路與大道路145巷口,31,1
1106,500112045,YouBike2.0_吳興公車總站,56,2,信義區,2023-05-27 13:44:17,松仁路277號南側,54,1
1108,500112047,YouBike2.0_興雅國小(基隆路一段37巷),15,0,信義區,2023-05-27 12:59:04,基隆路一段83巷9號西側,13,1
1113,500112052,YouBike2.0_三興國小,22,0,信義區,2023-05-27 13:42:04,基隆路二段99-1號(前),22,1
1114,500112053,YouBike2.0_市民松信路口,20,0,信義區,2023-05-27 13:39:04,市民大道六段/松信路口(西側),18,1
1116,500112055,YouBike2.0_基隆光復路口,17,0,信義區,2023-05-27 13:35:04,基隆路二段/光復南路(東北側),17,1
1120,500112059,YouBike2.0_虎林永吉路口,15,0,信義區,2023-05-27 13:39:04,永吉路356號東側,14,1
1121,500112060,YouBike2.0_永吉公園,18,1,信義區,2023-05-27 13:39:14,永吉路326巷66號西側,14,1
1123,500112062,YouBike2.0_松山永吉路口,20,2,信義區,2023-05-27 13:46:16,松山路166號,18,1
1128,500112067,YouBike2.0_松德虎林街口,25,2,信義區,2023-05-27 13:40:21,松德路79號前,21,1
1130,500112069,YouBike2.0_基隆路一段101巷口,23,2,信義區,2023-05-27 13:36:15,基隆路一段109-6號前,20,1
1134,500112073,YouBike2.0_仁愛逸仙路口,28,2,信義區,2023-05-27 13:41:16,仁愛路四段/逸仙路口(西北側),25,1
1138,500112078,YouBike2.0_吳興街284巷36弄口,25,0,信義區,2023-05-27 13:42:04,吳興街284巷36弄24號西側,23,1
1140,500112080,YouBike2.0_福德國小公車站,10,0,信義區,2023-05-27 13:45:05,福德街308號對側,10,1
1144,500112084,YouBike2.0_景平公園,13,1,信義區,2023-05-27 13:30:28,松平路50巷15號對側,12,1
1146,500112086,YouBike2.0_五分埔公園,18,0,信義區,2023-05-27 13:41:04,中坡北路57號旁,17,1
1147,500112087,YouBike2.0_松仁路305號,14,0,信義區,2023-05-27 13:25:05,松仁路/吳興街583巷3弄,14,1
1148,500112088,YouBike2.0_吳興街394巷口,12,1,信義區,2023-05-27 13:29:14,吳興街394巷/吳興街,10,1
1150,500112090,YouBike2.0_松勤莊敬路口,15,3,信義區,2023-05-27 13:39:14,松勤街/莊敬路,12,1
1151,500112091,YouBike2.0_松仁松平路口,10,0,信義區,2023-05-27 13:24:04,松仁路/松平路,10,1
1152,500112092,YouBike2.0_信義松德路口,18,2,信義區,2023-05-27 13:08:15,信義路五段180號前,16,1
1154,500112094,YouBike2.0_吳興街284巷(廣安宮),15,0,信義區,2023-05-27 13:05:05,吳興街284巷23號對側,14,1
1156,500112096,YouBike2.0_克勤新村,18,1,信義區,2023-05-27 13:36:15,信安街67巷75號對側,16,1
1157,500112097,YouBike2.0_和平東路三段291號,15,0,信義區,2023-05-27 12:24:04,和平東路三段291號前,15,1
1165,500113008,YouBike2.0_國興青年路口,30,3,萬華區,2023-05-27 13:46:16,國興路與青年路口西南側,27,1
1166,500113009,YouBike2.0_青年公園棒球場,28,0,萬華區,2023-05-27 13:08:04,青年路66號對側,27,1
1169,500113013,YouBike2.0_新和國小,20,0,萬華區,2023-05-27 13:23:04,萬大路277巷37弄1號東側,18,1
1171,500113015,YouBike2.0_莒光立體停車場,10,1,萬華區,2023-05-27 13:25:15,莒光路137號前,9,1
1174,500113018,YouBike2.0_華中疏散門,12,2,萬華區,2023-05-27 13:29:14,環河南路三段371號前,9,1
1176,500113020,YouBike2.0_忠德公園,19,3,萬華區,2023-05-27 13:27:14,東園街66巷20弄27號前,16,1
1179,500113025,YouBike2.0_雙園國中,24,1,萬華區,2023-05-27 13:37:04,西園路二段320巷與興義街口,21,1
1182,500113028,YouBike2.0_華江八號公園,20,0,萬華區,2023-05-27 13:26:04,環河南路二段216號旁,19,1
1183,500113029,YouBike2.0_環河南雙園街口,15,3,萬華區,2023-05-27 13:36:15,環河南路二段282號前,12,1
1185,500113031,YouBike2.0_糖廍文化園區,14,3,萬華區,2023-05-27 13:33:16,大理街177號對側,10,1
1191,500113037,YouBike2.0_貓公園(中興橋頭),15,0,萬華區,2023-05-27 13:14:04,成都路108號(對面),14,1
1193,500113039,YouBike2.0_中華桂林路口,28,1,萬華區,2023-05-27 13:44:17,中華路一段與桂林路口西北側,27,1
1201,500113047,YouBike2.0_臺北市電影主題公園(峨嵋街),15,1,萬華區,2023-05-27 13:45:16,峨嵋街100號(對面),14,1
1208,500113054,YouBike2.0_長順街60巷口,15,3,萬華區,2023-05-27 12:26:16,長順街60巷38號對側,12,1
1214,500113060,YouBike2.0_富民路145巷口,20,0,萬華區,2023-05-27 13:23:04,富民路151號對側,20,1
1216,500113062,YouBike2.0_龍山國中,15,2,萬華區,2023-05-27 13:29:14,南寧路與廣州街口南側,13,1
1217,500113063,YouBike2.0_洛陽停車場,22,1,萬華區,2023-05-27 13:33:16,昆明街與洛陽街口西側,19,1
1224,500113071,YouBike2.0_萬大路493巷,10,3,萬華區,2023-05-27 13:28:14,萬大路493巷44號旁,6,1
1225,500113072,YouBike2.0_雙園國中地下停車場,12,0,萬華區,2023-05-27 12:27:04,西園路二段320巷55弄8-10號前,11,1
1228,500119006,YouBike2.0_臺大卓越研究大樓,32,2,臺大專區,2023-05-27 13:38:14,臺大水源舍區C南側,27,1
1229,500119007,YouBike2.0_臺大水源修齊會館,18,3,臺大專區,2023-05-27 13:43:14,思源街16號之1旁,12,1
1230,500119008,YouBike2.0_臺大檔案展示館,10,1,臺大專區,2023-05-27 13:24:04,臺大檔案展示館東北側,8,1
1237,500119048,YouBike2.0_臺大大一女舍北側,53,2,臺大專區,2023-05-27 13:46:16,臺大女一舍北側,51,1
1245,500119056,YouBike2.0_臺大農化新館西側,10,0,臺大專區,2023-05-27 13:44:06,臺大生化科技學系西側,9,1
1247,500119058,YouBike2.0_臺大舊體育館西側,33,2,臺大專區,2023-05-27 13:46:04,臺大田徑場東側,30,1
1251,500119062,YouBike2.0_臺大公館停車場西北側,12,1,臺大專區,2023-05-27 13:34:04,臺大公館停車場西北側,11,1
1252,500119063,YouBike2.0_臺大第二行政大樓南側,27,0,臺大專區,2023-05-27 13:17:23,臺大行政大樓西側,27,1
1253,500119064,YouBike2.0_臺大明達館機車停車場,28,1,臺大專區,2023-05-27 13:36:04,臺大明達館西側,27,1
1254,500119065,YouBike2.0_臺大二號館,10,1,臺大專區,2023-05-27 13:40:21,臺大物理文物廳北側,9,1
1267,500119079,YouBike2.0_臺大一號館,19,0,臺大專區,2023-05-27 13:29:04,臺大植物魚類標本館一號館北側,19,1
1268,500119080,YouBike2.0_臺大小小福西南側,10,0,臺大專區,2023-05-27 13:24:04,臺大進修教育大樓,10,1
1270,500119082,YouBike2.0_臺大四號館東北側,10,2,臺大專區,2023-05-27 13:36:16,臺大園藝暨景觀學系北側,8,1
1273,500119085,YouBike2.0_臺大電機二館東南側,14,2,臺大專區,2023-05-27 13:45:16,臺大電機二館南側,12,1
1279,500119091,YouBike2.0_臺大明達館北側(員工宿舍),18,2,臺大公館校區,2023-05-27 13:39:14,明達館北側前空地,15,1
